insert into user(id, name, surname, username, password, role) value (1, "tanja", "tanja", "admin", "$2a$08$lDnHPz7eUkSi6ao14Twuau08mzhWrL4kyZGGU5xfiGALO/Vxd5DOi", 'ADMINISTRATOR')
insert into user(id, name, surname, username, password, role) value (2, "doctor", "doctor", "doctor@gmail.com", "$2a$08$lDnHPz7eUkSi6ao14Twuau08mzhWrL4kyZGGU5xfiGALO/Vxd5DOi", 'DOCTOR')

insert into symptom(id, name, specific_mark, resoner) values (1,"Curenje iz nosa", false, false)
insert into symptom(id, name, specific_mark, resoner) values (2,"Bol u grlu", false, false)
insert into symptom(id, name, specific_mark, resoner) values (3,"Glavobolja", false, false)
insert into symptom(id, name, specific_mark, resoner) values (4,"Kijanje", false, false)
insert into symptom(id, name, specific_mark, resoner) values (5,"Kasalj", false, false)
insert into symptom(id, name, specific_mark, resoner) values (6,"Temperatura veća od 38 ⁰C", false, true)
insert into symptom(id, name, specific_mark, resoner) values (7,"Drhtavica", false, false)
insert into symptom(id, name, specific_mark, resoner) values (8,"Bol koji se siri do usiju", false, false)
insert into symptom(id, name, specific_mark, resoner) values (9,"Temperatura od 40 ⁰C do 41 ⁰C", false, true)
insert into symptom(id, name, specific_mark, resoner) values (10,"Gubitak apetita", false, false)
insert into symptom(id, name, specific_mark, resoner) values (11,"Umor", false, false)
insert into symptom(id, name, specific_mark, resoner) values (12,"Zuti sekret iz nosa", false, false)
insert into symptom(id, name, specific_mark, resoner) values (13,"Oticanje oko ociju", false, false)
insert into symptom(id, name, specific_mark, resoner) values (14,"U poslednjih 6 meseci zabeleženo barem 10 slučajeva u kojem je pacijent imao visok pritisak", true, true)
insert into symptom(id, name, specific_mark, resoner) values (15,"Cesto uriniranje", false, false)
insert into symptom(id, name, specific_mark, resoner) values (16,"Gubitak telesne tezine", false, false)
insert into symptom(id, name, specific_mark, resoner) values (17,"Zamor", false, false)
insert into symptom(id, name, specific_mark, resoner) values (18,"Mucnina i povracanje", false, false)
insert into symptom(id, name, specific_mark, resoner) values (19,"Nocturia", false, false)
insert into symptom(id, name, specific_mark, resoner) values (20,"Otoci nogu i zglobova", false, false)
insert into symptom(id, name, specific_mark, resoner) values (21,"Gusenje", false, false)
insert into symptom(id, name, specific_mark, resoner) values (22,"Bol u grudima", false, false)
insert into symptom(id, name, specific_mark, resoner) values (23,"Pacijent boluje od hipertenzije više od 6 meseci", true, true)
insert into symptom(id, name, specific_mark, resoner) values (24,"Pacijent boluje od dijabetesa", true, true)
insert into symptom(id, name, specific_mark, resoner) values (25,"Oporavlja se od operacije", true, false)
insert into symptom(id, name, specific_mark, resoner) values (26,"Dijareja", false, false)
insert into symptom(id, name, specific_mark, resoner) values (27,"U poslednjih 14 dana dijagnostikovana bolest koja kao simptom ima povišenu telesnu temperaturu", true, true)
insert into symptom(id, name, specific_mark, resoner) values (28,"U poslednjih 21 dana dijagnostikovana bolest za koju je primao antibiotike", true, true)
insert into symptom(id, name, specific_mark, resoner) values (29,"pacijent je bolovao od prehlade ili groznice u poslednjih 60 dana", true, true)

insert into disease(id, group_num, name, matched_num_sym, specific_checked) value (1, 'GROUP1', "Prehlada", 0, false)
insert into disease(id, group_num, name, matched_num_sym, specific_checked) value (2, 'GROUP1', "Groznica", 0, false)
insert into disease(id, group_num, name, matched_num_sym, specific_checked) value (3, 'GROUP1', "Upala krajnika", 0, false)
insert into disease(id, group_num, name, matched_num_sym, specific_checked) value (4, 'GROUP1', "Sinusna infekcija", 0, false)

insert into disease(id, group_num, name, matched_num_sym, specific_checked) value (5, 'GROUP2', "Hipertenzija", 0, false)
insert into disease(id, group_num, name, matched_num_sym, specific_checked) value (6, 'GROUP2', "Dijabetes", 0, false)

insert into disease(id, group_num, name, matched_num_sym, specific_checked) value (7, 'GROUP3', "Hronična bubrežna bolest", 0, false)
insert into disease(id, group_num, name, matched_num_sym, specific_checked) value (8, 'GROUP3', "Akutna bubrežna povreda", 0, false)

insert into disease(id, group_num, name, matched_num_sym, specific_checked) value (9, 'NONE', "Visok krvni pritisak", 0, false)

insert into disease_symptoms(id, disease_id) value (1, 1)
insert into disease_symptoms(id, disease_id) value (2, 2)
insert into disease_symptoms(id, disease_id) value (3, 3)
insert into disease_symptoms(id, disease_id) value (4, 4)
insert into disease_symptoms(id, disease_id) value (5, 5)
insert into disease_symptoms(id, disease_id) value (6, 6)
insert into disease_symptoms(id, disease_id) value (7, 7)
insert into disease_symptoms(id, disease_id) value (8, 8)
insert into disease_symptoms(id, disease_id) value (9, 9)


--lista
insert into disease_symptoms_symptoms(disease_symptoms_id, symptoms_id) values (1,1)
insert into disease_symptoms_symptoms(disease_symptoms_id, symptoms_id) values (1,2)
insert into disease_symptoms_symptoms(disease_symptoms_id, symptoms_id) values (1,3)
insert into disease_symptoms_symptoms(disease_symptoms_id, symptoms_id) values (1,4)
insert into disease_symptoms_symptoms(disease_symptoms_id, symptoms_id) values (1,5)

insert into disease_symptoms_symptoms(disease_symptoms_id, symptoms_id) value (2,4)
insert into disease_symptoms_symptoms(disease_symptoms_id, symptoms_id) value (2,2)
insert into disease_symptoms_symptoms(disease_symptoms_id, symptoms_id) value (2,5)
insert into disease_symptoms_symptoms(disease_symptoms_id, symptoms_id) value (2,6)
insert into disease_symptoms_symptoms(disease_symptoms_id, symptoms_id) value (2,1)
insert into disease_symptoms_symptoms(disease_symptoms_id, symptoms_id) value (2,3)
insert into disease_symptoms_symptoms(disease_symptoms_id, symptoms_id) value (2,7)

insert into disease_symptoms_symptoms(disease_symptoms_id, symptoms_id) value (3,2)
insert into disease_symptoms_symptoms(disease_symptoms_id, symptoms_id) value (3,8)
insert into disease_symptoms_symptoms(disease_symptoms_id, symptoms_id) value (3,3)
insert into disease_symptoms_symptoms(disease_symptoms_id, symptoms_id) value (3,9)
insert into disease_symptoms_symptoms(disease_symptoms_id, symptoms_id) value (3,7)
insert into disease_symptoms_symptoms(disease_symptoms_id, symptoms_id) value (3,10)
insert into disease_symptoms_symptoms(disease_symptoms_id, symptoms_id) value (3,11)
insert into disease_symptoms_symptoms(disease_symptoms_id, symptoms_id) value (3,12)

insert into disease_symptoms_symptoms(disease_symptoms_id, symptoms_id) value (4,13)
insert into disease_symptoms_symptoms(disease_symptoms_id, symptoms_id) value (4,3)
insert into disease_symptoms_symptoms(disease_symptoms_id, symptoms_id) value (4,12)
insert into disease_symptoms_symptoms(disease_symptoms_id, symptoms_id) value (4,2)
insert into disease_symptoms_symptoms(disease_symptoms_id, symptoms_id) value (4,6)
insert into disease_symptoms_symptoms(disease_symptoms_id, symptoms_id) value (4,5)
insert into disease_symptoms_symptoms(disease_symptoms_id, symptoms_id) value (4,29)

insert into disease_symptoms_symptoms(disease_symptoms_id, symptoms_id) value (5,14)

insert into disease_symptoms_symptoms(disease_symptoms_id, symptoms_id) value (6,15)
insert into disease_symptoms_symptoms(disease_symptoms_id, symptoms_id) value (6,16)
insert into disease_symptoms_symptoms(disease_symptoms_id, symptoms_id) value (6,17)
insert into disease_symptoms_symptoms(disease_symptoms_id, symptoms_id) value (6,18)

insert into disease_symptoms_symptoms(disease_symptoms_id, symptoms_id) value (7,17)
insert into disease_symptoms_symptoms(disease_symptoms_id, symptoms_id) value (7,19)
insert into disease_symptoms_symptoms(disease_symptoms_id, symptoms_id) value (7,20)
insert into disease_symptoms_symptoms(disease_symptoms_id, symptoms_id) value (7,21)
insert into disease_symptoms_symptoms(disease_symptoms_id, symptoms_id) value (7,22)
insert into disease_symptoms_symptoms(disease_symptoms_id, symptoms_id) value (7,23)
insert into disease_symptoms_symptoms(disease_symptoms_id, symptoms_id) value (7,24)

insert into disease_symptoms_symptoms(disease_symptoms_id, symptoms_id) value (8,25)
insert into disease_symptoms_symptoms(disease_symptoms_id, symptoms_id) value (8,17)
insert into disease_symptoms_symptoms(disease_symptoms_id, symptoms_id) value (8,21)
insert into disease_symptoms_symptoms(disease_symptoms_id, symptoms_id) value (8,20)
insert into disease_symptoms_symptoms(disease_symptoms_id, symptoms_id) value (8,26)
insert into disease_symptoms_symptoms(disease_symptoms_id, symptoms_id) value (8,27)
insert into disease_symptoms_symptoms(disease_symptoms_id, symptoms_id) value (8,28)

insert into component(id, name) value (1,"amoksicilin")
insert into component(id, name) value (2,"klavulanska kiselina")
insert into component(id, name) value (3,"cefaleksin monohidrata")
insert into component(id, name) value (4,"ibuprofena")

insert into medicine(id, name, group_med) value (1, "panklav", "ANTIBIOTIK")
insert into medicine(id, name, group_med) value (2, "cefaleksin", "ANALGETIK")
insert into medicine(id, name, group_med) value (3, "brufen", "ANALGETIK")

--insert into medicine_groups(id, group_med) value (1, 'ANTIBIOTIC')
--insert into medicine_groups(id, group_med) value (2, 'PAINKILLER')
--insert into medicine_groups(id, group_med) value (3, 'OTHER')

insert into medicine_components(medicine_id, components_id) value (1,1)
insert into medicine_components(medicine_id, components_id) value (1,2)
insert into medicine_components(medicine_id, components_id) value (2,3)
insert into medicine_components(medicine_id, components_id) value (3,4)

--insert into medicine_groups_medicines(medicine_groups_id, medicines_id) value (1,1)
--insert into medicine_groups_medicines(medicine_groups_id, medicines_id) value (1,2)
--insert into medicine_groups_medicines(medicine_groups_id, medicines_id) value (2,3)

insert into patient_disease_medicine(id, disease_id, medicine_id, tdate) value (1, 4, 1, "2018-06-17 13:43:58")
insert into patient_disease_medicine(id, disease_id, medicine_id, tdate) value (2, 1, 1, "2018-06-17 13:53:58")

insert into patient_chart(id) value (1)
insert into patient_chart(id) value (2)

insert into patient_chart_history(patient_chart_id, history_id) value (1,1)
insert into patient_chart_history(patient_chart_id, history_id) value (2,2)

insert into patient(id, name, surname, doctor_id, patient_chart_id) value (1,"patient1","surname1",2,1)
insert into patient(id, name, surname, doctor_id, patient_chart_id) value (2,"patient2","surname2",2,2)
